year	iso3_d	reg	pop_wb_d	migt_wb	mignt_wb	mig_wb	mig_un	o_mig_un10	o_mig_un9	o_mig_un8	o_mig_un7	o_mig_un6	o_mig_un5	o_mig_un4	o_mig_un3	o_mig_un2	o_mig_un1	o_migt_dioc10	o_migt_dioc9	o_migt_dioc8	o_migt_dioc7	o_migt_dioc6	o_migt_dioc5	o_migt_dioc4	o_migt_dioc3	o_migt_dioc2	o_migt_dioc1	o_mignt_dioc10	o_mignt_dioc9	o_mignt_dioc8	o_mignt_dioc7	o_mignt_dioc6	o_mignt_dioc5	o_mignt_dioc4	o_mignt_dioc3	o_mignt_dioc2	o_mignt_dioc1	avg_o_mig_un	avg_o_migt_dioc	avg_o_mignt_dioc	rank_o_mig_un	rank_o_migt_dioc	rank_o_mignt_dioc	migt_sh_wb	mignt_sh_wb
2000	"AUS"	"Western Offshoots"	19028802	1114702	2922827	4167034	4011810	52	52	52	53	54	56	56	56	56	57	31	32	34	34	34	38	41	42	46	48	55	55	55	56	56	56	57	57	58	60	53.16667	33.83333	55.5	1	4	1	.2675049	.7014167
2010	"AUS"	"Western Offshoots"	22031750	2189162	3103182	5598228	5422780	57	57	58	60	60	61	62	63	63	65	39	43	44	45	46	47	54	57	59	61	52	53	53	55	56	57	59	61	62	63	58.83333	44	54.33333	1	3	1	.3910455	.554315
2000	"CAN"	"Western Offshoots"	30685730	2325116	3028049	5558364	5272049	49	50	51	52	53	53	54	54	54	55	37	38	41	43	43	44	47	49	53	59	40	40	40	42	46	48	51	54	55	55	51.33333	41	42.66667	2	2	2	.4183094	.5447734
2010	"CHE"	"Western Europe"	7824909	590943	1139024	1874469	1918051	43	43	44	44	44	47	48	50	56	58	32	34	35	36	37	39	40	40	45	48	46	47	47	48	48	50	52	52	56	58	44.16667	35.5	47.66667	5	5	2	.3152589	.6076515
2000	"CHE"	"Western Europe"	7184250	359096	1091400	1558414	1368680	38	38	38	40	40	43	45	48	53	53	26	26	27	30	35	38	41	43	49	53	36	40	40	40	41	45	45	47	49	50	39.5	30.33333	40.33333	4	5	3	.230424	.7003274
2010	"BEL"	"Western Europe"	10895586	231271	1204991	1468406	1393800	32	32	32	34	35	37	38	38	45	48	9	10	11	11	11	12	13	19	22	31	41	42	44	46	47	54	54	59	67	69	33.66667	10.66667	45.66667	10	18	3	.157498	.8206116
2000	"ISR"	"MENA without GCC"	6289000	888360	1013441	1970436	1522017	37	39	40	41	41	41	41	43	43	43	44	45	45	47	48	49	51	54	56	56	39	39	39	39	39	39	41	41	41	44	39.83333	46.33333	39	4	1	4	.4508444	.5143232
2010	"NLD"	"Western Europe"	16615394	448352	1026298	1615790	1514477	36	36	38	39	41	44	48	50	54	58	21	22	26	27	34	40	45	53	58	73	36	39	42	45	47	51	55	61	63	66	39	28.33333	43.33333	8	7	4	.2774816	.635168
2000	"USA"	"Western Offshoots"	2.822e+08	9154391	21825095	32539152	3.25e+07	46	47	49	50	55	55	58	59	62	65	20	21	21	24	25	30	35	38	45	48	32	34	36	37	37	37	41	44	46	50	50.33333	23.5	35.5	3	7	5	.2813346	.6707334
2010	"DNK"	"Nordic"	5547683	108303	352336	472973	447241	23	25	26	28	30	30	30	33	34	37	13	14	15	15	16	16	20	22	25	28	39	39	41	42	45	47	49	53	56	59	27	14.83333	42.16667	12	14	5	.2289835	.7449389
2010	"ITA"	"Western Europe"	59277417	719933	4158297	5753400	5749077	44	44	44	44	45	45	46	47	48	48	12	13	14	15	15	15	17	19	22	30	40	41	43	43	44	45	45	45	46	47	44.33333	14	42.66667	5	15	5	.1251317	.7227547
2000	"NZL"	"Western Offshoots"	3857700	197339	348195	567518	508124	31	31	31	31	32	32	34	35	36	36	22	24	25	26	26	27	27	30	35	42	30	32	33	34	36	37	43	47	51	55	31.33333	25	33.66667	6	6	6	.3477229	.61354
2000	"NLD"	"Western Europe"	15925513	259313	911460	1282489	1216163	25	26	27	28	28	29	31	33	38	43	12	12	12	14	16	17	19	19	26	43	28	29	29	30	30	30	31	34	34	34	27.16667	13.83333	29.33333	7	12	7	.2021951	.7106962
2010	"CAN"	"Western Offshoots"	34004889	4033724	2866242	6968321	6447735	50	53	55	56	57	57	60	63	63	64	47	47	48	51	56	57	61	67	70	72	38	38	40	43	44	44	44	47	49	51	54.66667	51	41.16667	4	2	6	.578866	.4113246
2000	"ITA"	"Western Europe"	56942108	331899	2078398	2717524	2013528	18	20	20	20	20	20	21	23	24	26	4	5	5	6	8	9	9	10	13	17	26	26	29	30	31	31	31	32	32	33	19.66667	6.166667	28.83333	13	18	8	.1221329	.7648131
2000	"DNK"	"Nordic"	5339616	82352	258790	353824	331798	21	21	21	23	26	27	27	28	29	32	12	14	14	16	16	16	18	21	24	31	25	25	26	28	31	34	36	36	38	41	23.16667	14.66667	28.16667	10	11	8	.2327485	.7314088
2010	"USA"	"Western Offshoots"	3.093e+08	13994173	26709308	42181457	4.12e+07	50	52	54	56	59	61	65	66	69	72	27	29	30	32	36	42	44	52	57	66	36	37	39	41	43	45	50	51	57	63	55.33333	32.66667	40.16667	3	6	7	.3317612	.6332002
2010	"GBR"	"Western Europe"	62766365	3940562	3688925	7843156	6543899	55	56	57	59	59	59	63	65	65	69	60	62	62	64	69	72	77	79	88	94	35	36	37	39	42	43	47	49	55	57	57.5	64.83334	38.66667	2	1	8	.5024204	.4703368
2000	"GBR"	"Western Europe"	58892514	1607695	2898554	4639181	4264794	33	35	36	38	39	41	42	45	48	51	29	31	33	36	38	45	46	50	56	61	23	24	26	30	30	32	32	33	35	39	37	35.33333	27.5	5	3	9	.3465472	.6247987
2000	"PHL"	"East Asia & Pacific"	77958223	301465	1603517	1905948	213097	3	3	3	3	3	3	4	5	8	13	9	9	9	10	11	11	12	19	21	32	20	24	26	30	32	33	36	39	41	50	3	9.833333	27.5	29	15	9	.1581706	.8413225
2010	"ESP"	"Western Europe"	46576897	1414103	4146804	6261936	6237590	43	43	44	45	46	46	46	47	49	50	22	23	26	27	28	29	32	33	35	39	34	35	36	37	40	41	41	43	45	47	44.5	25.83333	37.16667	5	8	9	.2258252	.6622239
2010	"NZL"	"Western Offshoots"	4350700	452696	375214	838301	719114	37	37	37	37	37	37	37	39	39	39	36	36	39	41	43	44	47	48	48	48	34	34	36	38	38	40	44	45	46	47	37	39.83333	36.66667	9	4	10	.5400161	.4475886
2000	"DEU"	"Western Europe"	82211508	2016432	9781612	12238167	8280964	30	30	31	32	33	36	36	39	41	44	14	14	15	15	15	18	20	25	28	34	26	26	26	26	26	28	29	31	32	36	32	15.16667	26.33333	6	10	10	.1647658	.799271
2010	"ISR"	"MENA without GCC"	7623600	912534	873985	1889902	1351951	41	41	41	41	41	41	42	43	44	45	37	37	38	40	41	42	42	44	45	46	34	35	35	36	36	36	37	38	38	38	41	39.16667	35.33333	7	4	11	.4828473	.4624499
2000	"SWE"	"Nordic"	8872109	240416	680095	965446	909603	22	23	23	25	26	26	26	27	29	30	13	13	14	16	18	19	21	22	24	26	24	24	24	26	26	28	28	29	30	34	24.16667	15.5	25.33333	9	10	11	.2490207	.7044361
2000	"GRC"	"Balkan"	10805808	188000	841953	1098538	1077220	19	19	20	21	21	21	23	23	24	24	10	12	15	16	16	16	17	18	18	22	23	24	26	26	26	27	27	27	28	32	20.16667	14.16667	25.33333	12	11	11	.1711365	.7664305
2010	"DEU"	"Western Europe"	81776930	2137985	7646486	10400612	9656093	37	39	42	43	44	46	47	51	55	56	16	17	19	19	21	23	24	28	31	38	30	33	34	35	37	40	43	47	50	55	41.83333	19.16667	34.83333	6	11	12	.2055634	.7351958
2010	"SWE"	"Nordic"	9378126	386910	900788	1301614	1238676	27	28	29	29	29	32	32	35	37	41	21	22	22	24	27	29	29	31	35	37	31	31	33	37	38	39	40	44	47	49	29	24.16667	34.83333	11	9	12	.297254	.6920546
2000	"BEL"	"Western Europe"	10251250	214974	887397	1221437	1152658	22	22	22	22	22	24	25	26	31	33	10	12	13	14	17	19	21	25	25	32	21	22	22	23	25	28	29	31	34	37	22.33333	14.16667	23.5	11	11	12	.1760009	.7265189
2010	"GRC"	"Balkan"	11121341	246658	1047949	1315800	1287879	25	25	25	25	26	26	26	26	28	31	17	18	18	18	18	18	20	23	23	26	30	30	31	33	34	34	34	34	39	40	25.33333	17.83333	32	13	12	13	.1874586	.7964349
2000	"ESP"	"Western Europe"	40567864	482652	1552493	2159692	1620200	18	19	20	20	20	21	21	22	22	23	10	10	10	11	11	12	14	14	16	18	20	20	20	20	21	23	25	27	30	32	19.66667	10.66667	20.66667	13	14	13	.2234819	.7188492
2010	"FRA"	"Western Europe"	65030575	1875179	5122538	7312678	7121189	23	24	25	26	28	29	29	31	32	36	14	14	17	19	21	23	27	29	33	38	20	20	22	23	24	26	26	28	30	33	25.83333	18	22.5	13	12	14	.2564285	.700501
2010	"PRT"	"Western Europe"	10573100	214385	570272	798007	673522	18	18	18	18	18	18	19	20	20	23	15	15	15	16	16	16	16	17	18	19	21	23	23	23	23	23	25	25	28	29	18	15.5	22.66667	17	13	14	.2686505	.7146203
2010	"NOR"	"Nordic"	4889252	173913	354807	537702	506021	14	14	14	14	14	15	15	15	15	15	13	13	13	13	13	13	13	13	17	17	21	21	21	23	24	25	25	26	26	30	14.16667	13	22.5	20	16	14	.3234375	.659858
2000	"AUT"	"Western Europe"	8011566	134204	739138	922928	840792	13	13	13	14	14	15	15	15	17	17	2	2	2	2	2	3	5	7	7	8	15	16	16	18	20	20	20	20	21	24	13.66667	2.166667	17.5	18	22	14	.1454111	.800862
2000	"CHL"	"LATAM"	15351799	93696	290907	384603	154883	6	6	7	7	7	7	7	7	7	7	9	9	9	9	11	12	15	16	20	22	14	14	16	17	19	19	22	25	27	31	6.666667	9.833333	16.5	25	15	15	.2436174	.7563826
2000	"KGZ"	"Central Asia"	4898400	81472	369160	513642	379861	16	16	16	16	17	17	18	18	18	18	12	13	13	16	17	17	17	19	21	21	15	16	16	17	19	19	19	19	19	21	16.33333	14.66667	17	15	11	15	.1586163	.7187107
2000	"DOM"	"LATAM"	8540791	74991	460974	541371	351257	17	18	18	19	20	20	22	24	26	28	15	15	18	18	21	23	26	27	32	36	14	16	16	17	19	19	19	20	21	23	18.66667	18.33333	16.83333	14	8	15	.1385205	.8514937
2000	"FRA"	"Western Europe"	60921384	1283326	4823370	6817694	6171828	20	22	23	24	24	25	27	28	31	32	12	13	13	14	15	16	16	19	20	26	15	15	16	16	19	20	21	23	24	26	23	13.83333	16.83333	11	12	15	.1882346	.7074782
2010	"ZAF"	"Sub-Saharan South"	51784921	221253	2127953	2506116	1833756	20	23	23	26	27	27	28	29	32	34	3	3	4	4	4	7	8	9	14	18	18	20	21	22	22	26	29	32	33	39	24.33333	4.166667	21.5	14	23	15	.0882852	.8491039
2010	"AUT"	"Western Europe"	8363404	193790	869322	1141616	1249466	14	14	14	15	16	18	18	18	19	20	5	5	5	5	6	8	9	9	10	12	20	20	21	22	22	25	27	30	31	36	15.16667	5.666667	21.66667	19	22	15	.1697506	.7614837
2010	"IRL"	"Western Europe"	4560155	295991	425658	780575	717133	17	18	19	19	21	21	22	22	22	26	19	20	22	25	25	26	29	32	35	37	20	20	21	21	22	23	23	25	25	28	19.16667	22.83333	21.16667	15	10	15	.3791961	.5453134
2000	"PRT"	"Western Europe"	10289898	145828	445562	616645	568664	14	14	14	15	16	16	17	17	17	18	11	11	11	12	12	12	13	14	17	17	14	15	16	17	17	17	17	17	18	19	14.83333	11.5	16	17	13	16	.2364862	.7225584
2000	"NOR"	"Nordic"	4490967	77314	229423	316591	271502	8	8	8	8	8	8	8	8	8	10	6	6	8	8	8	8	9	9	10	10	16	16	16	16	16	16	16	16	16	16	8	7.333333	16	24	17	16	.2442078	.7246668
2010	"PAN"	"LATAM"	3623617	36485	106016	158549	156929	14	16	17	18	18	19	19	21	24	27	4	5	6	6	6	8	10	13	15	17	13	13	14	15	16	18	18	20	22	23	17	5.833333	14.83333	18	22	16	.2301181	.6686639
2010	"LVA"	"Baltic"	2097555	143603	389112	534288	313669	7	7	7	8	8	9	10	10	10	10	11	11	12	12	12	13	13	13	15	16	13	14	14	14	15	15	15	16	16	16	7.666667	11.83333	14.16667	27	17	16	.2687745	.7282814
2000	"RUS"	"Eastern Europe"	1.466e+08	2840744	8738574	12001559	1.19e+07	16	16	16	16	16	17	17	17	18	18	14	14	14	15	15	15	16	16	16	17	14	14	14	15	15	15	15	15	15	15	16.16667	14.5	14.5	15	11	17	.2366979	.7281199
2010	"MLI"	"Sub-Saharan North"	15529181	13969	256297	317902	307989	12	13	13	16	19	22	26	27	31	33	1	1	1	2	3	4	4	5	6	9	11	13	13	14	15	18	21	28	32	36	15.83333	2	14	19	26	17	.0439412	.8062139
2000	"ZAF"	"Sub-Saharan South"	46813266	122228	886553	1018924	942647	14	14	15	15	16	17	21	21	22	25	3	3	4	5	5	6	7	9	11	13	11	12	13	13	15	15	16	18	19	24	15.16667	4.333333	13.16667	16	20	18	.1199579	.8700874
2010	"MOZ"	"Sub-Saharan South"	23073723	23180	335833	394987	244700	10	10	10	12	12	13	13	13	13	13	2	2	3	3	3	4	6	7	8	13	11	11	11	12	13	15	15	16	17	20	11.16667	2.833333	12.16667	23	25	18	.0586855	.8502381
2000	"BEN"	"Sub-Saharan North"	6998023	5793	226217	232010	121139	3	3	3	3	4	5	5	5	6	6	1	2	2	3	3	3	4	5	7	7	11	11	11	13	14	14	14	14	17	19	3.5	2.333333	12.33333	28	22	19	.0249688	.9750313
2000	"VEN"	"LATAM"	24427729	110088	900870	1022116	1003868	12	12	12	12	12	12	14	15	18	21	4	5	5	6	6	6	6	9	10	10	11	12	12	12	12	14	14	15	16	19	12	5.333333	12.16667	20	19	19	.107706	.8813775
2000	"PAN"	"LATAM"	3001731	12248	65394	83876	82520	7	8	9	10	10	12	13	14	16	18	1	2	2	2	2	3	3	4	6	9	9	11	11	13	15	15	17	19	21	25	9.333333	2	12.33333	22	23	19	.1460251	.7796509
2000	"IRL"	"Western Europe"	3805174	170091	241110	441201	343912	11	11	13	13	14	16	18	18	18	19	13	13	13	15	19	21	22	23	26	28	12	13	13	13	13	14	14	14	14	18	13	15.66667	13	19	10	19	.3855182	.5464856
2000	"JOR"	"MENA without GCC"	5056174	305743	1233406	1923932	1923872	13	15	15	16	16	16	17	20	21	24	10	10	11	12	12	12	13	13	15	15	11	13	13	13	13	15	16	17	19	21	15.16667	11.16667	13	16	13	19	.1589157	.641086
2000	"CIV"	"Sub-Saharan North"	16799670	55681	1628528	2103125	2103003	13	13	13	13	13	13	13	13	13	13	7	8	9	9	11	11	12	12	13	13	13	13	13	13	13	13	13	13	13	13	13	9.166667	13	19	15	19	.0264754	.7743372
2010	"CMR"	"Sub-Saharan North"	19878036	13224	401168	435729	278637	6	6	6	6	7	7	8	8	9	11	0	1	1	2	3	3	3	3	3	4	10	11	12	12	12	13	14	14	15	20	6.333333	1.666667	11.66667	28	26	19	.0303491	.9206824
2010	"LBR"	"Sub-Saharan North"	4019956	4099	83715	95953	92870	11	11	12	13	13	15	16	17	18	20	4	4	4	5	5	7	8	8	9	12	10	11	11	12	12	12	12	14	16	17	12.5	4.833333	11.33333	22	23	19	.0427188	.8724584
2010	"MWI"	"Sub-Saharan North"	14718422	3701	182144	192920	166534	7	8	8	9	9	9	9	9	9	9	0	0	0	0	0	0	1	1	2	4	10	10	10	11	14	16	16	22	23	26	8.333333	0	11.83333	26	28	19	.0191841	.9441426
2010	"HKG"	"East Asia & Pacific"	7024200	881994	1450739	2802058	2678881	13	14	14	14	14	15	15	15	15	15	12	12	12	13	14	15	16	16	17	18	10	10	10	11	11	11	11	13	13	14	14	13	10.5	21	16	20	.3147665	.5177405
2010	"TGO"	"Sub-Saharan North"	6571855	10032	301101	335833	235074	10	10	10	10	12	13	14	15	16	22	6	6	6	6	7	9	9	10	13	15	10	10	10	10	12	14	14	15	16	20	10.83333	6.666667	11	24	21	20	.029872	.8965796
2010	"TUR"	"Balkan"	73195345	327027	1296538	1722179	1250405	9	9	9	9	9	9	9	11	12	14	2	2	2	3	4	5	5	7	9	11	8	8	11	11	12	12	12	12	12	13	9	3	10.33333	26	25	20	.1898914	.7528474
2000	"CRI"	"LATAM"	3979193	31157	229875	302562	299906	13	14	14	14	14	16	16	17	19	22	12	13	14	14	16	18	18	19	20	25	10	11	11	11	12	13	13	16	17	18	14.16667	14.5	11.33333	17	11	20	.1029772	.7597616
2000	"UKR"	"Eastern Europe"	49176500	2578935	2581342	5364403	5137559	15	15	15	17	17	19	19	19	19	20	16	16	17	17	17	18	21	23	24	29	10	11	12	13	13	13	14	17	18	19	16.33333	16.83333	12	15	9	20	.4807497	.4811984
2010	"SVN"	"Balkan"	2048583	22958	177196	211760	243046	8	8	8	8	10	11	11	11	11	11	4	4	4	5	5	6	6	6	6	7	9	9	9	9	11	12	12	12	12	12	8.833333	4.666667	9.833333	26	23	21	.1084152	.8367775
2010	"NAM"	"Sub-Saharan South"	2099271	28515	78698	119060	92068	17	17	18	18	19	21	22	23	24	25	9	11	13	14	15	17	18	20	20	25	8	8	8	10	11	12	14	16	18	21	18.33333	13.16667	9.5	16	15	21	.2395011	.6609945
2010	"HRV"	"Balkan"	4295427	89974	439194	533441	547059	9	9	9	9	9	9	9	10	10	11	4	7	8	8	8	8	8	8	8	8	8	10	10	10	10	10	11	11	12	12	9	7.166667	9.666667	26	20	21	.1686672	.8233225
2010	"RUS"	"Eastern Europe"	1.428e+08	3311683	7918366	11411604	1.12e+07	11	14	14	14	14	14	15	15	15	15	11	11	11	11	11	12	12	12	13	14	10	10	10	10	10	10	10	10	10	10	13.5	11.16667	10	21	17	21	.2902031	.6938872
2010	"THA"	"East Asia & Pacific"	68270489	288723	2875053	3648028	3233630	3	3	3	3	3	3	3	4	4	4	8	10	11	13	13	13	15	17	24	29	10	10	10	10	10	10	12	15	16	19	3	11.33333	10	32	17	21	.079145	.7881116
2000	"ARM"	"Central Asia"	3168523	125901	430998	662212	620651	9	9	9	9	10	10	11	11	11	11	10	11	11	11	12	12	14	15	18	20	9	10	10	12	12	12	14	14	17	18	9.333333	11.16667	10.83333	22	13	21	.1901219	.6508459
2000	"HKG"	"East Asia & Pacific"	6665000	319375	2264832	2604552	2245148	13	13	14	14	14	16	16	16	16	16	13	13	14	15	16	17	18	18	19	19	9	9	10	10	11	11	11	12	15	15	14	14.66667	10	18	11	22	.1226219	.8695668
2000	"ARG"	"LATAM"	37070774	135942	1398457	1546095	1458628	9	9	9	11	12	13	15	17	23	24	3	3	4	4	5	5	5	6	6	7	8	8	9	10	10	10	12	15	17	21	10.5	4	9.166667	21	21	22	.087926	.9045091
2000	"PRY"	"LATAM"	5123819	20216	157438	187258	172346	10	10	10	10	11	11	11	11	11	11	4	4	4	5	5	6	6	8	9	10	9	9	9	9	10	10	10	12	12	14	10.33333	4.666667	9.333333	21	20	22	.107958	.8407544
2000	"URY"	"LATAM"	3292224	16892	66223	90149	81477	7	8	8	8	8	8	8	8	8	8	3	3	3	3	4	4	5	5	6	11	7	8	8	11	11	13	13	15	20	20	7.833333	3.333333	9.666667	24	21	22	.1873787	.7345949
2010	"NER"	"Sub-Saharan South"	16647543	3458	114696	139218	116311	4	4	4	5	5	5	5	5	5	6	0	0	0	0	0	0	0	0	2	4	8	8	8	8	8	9	10	10	11	15	4.5	0	8.166667	30	28	22	.0248387	.823859
2010	"CRI"	"LATAM"	4622252	66372	303347	398452	391610	14	14	14	14	14	15	16	18	20	21	16	17	17	18	19	20	20	20	24	27	8	8	9	9	9	9	11	12	12	17	14.16667	17.83333	8.666667	20	12	22	.1665746	.7613138
2010	"CZE"	"Eastern Europe"	10474410	116000	618694	739529	393494	6	6	6	6	6	6	6	8	8	8	3	3	4	4	4	4	4	4	4	5	8	8	8	8	8	9	11	11	14	17	6	3.666667	8.166667	29	24	22	.1568566	.8366055
2010	"BLR"	"Eastern Europe"	9483836	317483	709290	1152988	1090031	9	9	9	9	9	9	9	9	10	10	8	8	8	8	10	11	12	13	14	14	9	9	9	9	9	9	11	11	12	12	9	8.833333	9	26	19	22	.2753567	.6151755
2010	"PRY"	"LATAM"	5768613	18810	154799	176387	156416	8	8	9	10	10	11	11	11	11	11	1	1	1	1	2	3	3	3	3	7	8	9	9	9	9	9	10	11	12	12	9.333333	1.5	8.833333	25	26	22	.1066405	.87761
2000	"GMB"	"Sub-Saharan North"	1437539	8593	142916	186472	177198	6	6	6	6	6	7	7	7	7	7	8	8	8	8	8	8	9	9	9	9	8	9	9	9	9	9	9	9	9	9	6.166667	8	8.833333	25	17	23	.046082	.7664207
2000	"MWI"	"Sub-Saharan North"	11229387	6081	141242	182909	173125	9	9	9	9	9	9	9	9	9	9	1	1	1	1	3	4	6	7	7	8	8	9	9	9	9	9	10	11	12	15	9	1.833333	8.833333	23	23	23	.033246	.7721982
2000	"SGP"	"East Asia & Pacific"	4027887	177878	802467	1210085	1209004	8	8	8	8	8	8	8	8	8	8	6	6	7	8	8	9	9	9	9	9	9	9	9	9	9	9	9	9	9	9	8	7.333333	9	24	17	23	.1469963	.6631493
2000	"SLE"	"Sub-Saharan North"	4584067	5106	77069	98986	96741	9	9	10	10	10	11	12	13	15	15	1	2	2	3	4	5	5	6	8	12	8	8	8	8	8	9	9	10	13	16	9.833333	2.833333	8.166667	22	22	23	.0515831	.7785848
2000	"SEN"	"Sub-Saharan North"	9704287	26561	143080	208323	198779	11	11	11	13	13	16	17	17	19	21	8	8	8	8	9	9	13	17	19	24	8	8	9	9	9	11	11	12	13	15	12.5	8.333333	9	19	16	23	.1274991	.6868181
2000	"LVA"	"Baltic"	2367550	83272	310613	430712	430128	10	10	10	10	11	11	11	11	12	12	7	7	7	7	8	9	9	10	12	14	8	8	8	8	8	9	9	10	10	10	10.33333	7.5	8.166667	21	17	23	.1933357	.7211617
2000	"BLR"	"Eastern Europe"	9979610	310057	826645	1165183	1123176	10	11	11	11	11	11	12	12	13	15	9	9	10	11	13	14	14	16	17	19	7	7	7	9	10	12	12	13	13	14	10.83333	11	8.666667	21	14	23	.2661015	.7094551
2010	"ECU"	"LATAM"	14989585	52675	219412	331930	318401	10	10	10	11	12	12	13	14	17	19	3	4	4	4	4	4	5	7	9	11	6	6	7	7	9	10	13	13	15	19	10.83333	3.833333	7.5	24	24	23	.1586931	.6610189
2010	"ARM"	"Central Asia"	2946293	57151	149539	233321	184328	8	8	8	8	8	8	8	8	10	10	7	7	7	7	8	9	10	10	12	13	7	7	7	8	8	8	8	9	12	13	8	7.5	7.5	27	20	23	.2449458	.6409153
2010	"HUN"	"Eastern Europe"	10000023	118292	265779	430106	426345	8	8	9	9	9	9	11	11	12	14	3	3	3	4	4	4	4	6	8	12	5	5	6	8	9	10	11	12	13	14	8.666667	3.5	7.166667	26	24	23	.2750299	.6179383
2010	"MYS"	"East Asia & Pacific"	28717731	93746	2135168	2586206	2237163	6	6	6	6	6	6	6	6	7	7	1	2	3	3	3	3	4	4	6	7	7	7	7	7	7	7	8	8	8	8	6	2.5	7	29	25	24	.0362485	.8255986
2010	"TZA"	"Sub-Saharan South"	45110527	31278	209661	282960	300948	4	4	4	5	5	5	5	5	6	7	0	1	2	2	2	2	2	3	3	6	4	6	6	7	7	7	9	9	11	13	4.5	1.5	6.166667	30	26	24	.1105386	.7409563
2010	"KEN"	"Sub-Saharan South"	41517895	39483	701430	899508	842400	6	6	6	7	7	7	8	8	8	8	1	1	1	1	1	1	1	1	2	8	6	6	7	7	7	7	10	10	12	15	6.5	1	6.666667	28	27	24	.043894	.779793
2010	"FIN"	"Nordic"	5363352	60644	174242	237337	172698	6	6	6	6	6	6	6	6	7	7	1	1	1	1	1	1	3	3	3	3	6	6	6	6	7	8	8	9	11	12	6	1	6.5	29	27	24	.2555185	.7341544
2010	"ARG"	"LATAM"	40788453	100862	1594488	1848950	1767174	6	7	7	7	8	8	8	8	10	14	0	0	1	1	1	1	1	2	2	2	6	6	6	7	8	9	10	10	14	16	7.166667	.6666667	7	27	27	24	.054551	.8623748
2010	"BFA"	"Sub-Saharan North"	16116845	28762	497106	636104	629595	7	7	7	7	7	7	7	7	7	7	1	1	1	1	1	2	4	4	4	8	6	6	6	7	8	8	8	8	8	11	7	1.166667	6.833333	28	26	24	.0452159	.7814854
2000	"SVK"	"Eastern Europe"	5388720	80332	358995	441934	114674	2	2	3	3	3	4	5	5	6	7	5	5	5	5	5	5	6	9	10	12	7	7	8	8	8	8	8	8	9	12	2.833333	5	7.666667	29	20	24	.1817738	.8123272
2000	"BFA"	"Sub-Saharan North"	11882888	40843	422833	504834	485979	7	7	7	7	7	7	7	7	7	7	2	3	4	4	6	7	9	10	10	12	7	8	8	8	8	9	9	9	10	14	7	4.333333	8	25	20	24	.0809038	.8375684
2000	"NER"	"Sub-Saharan South"	11622665	5463	119544	142408	112419	5	5	5	5	5	5	5	5	6	7	0	1	2	2	2	2	4	4	6	8	6	6	6	7	7	7	7	7	7	7	5	1.5	6.5	27	23	25	.0383616	.8394472
2000	"CZE"	"Eastern Europe"	10255063	78462	465353	543817	218110	2	2	2	2	2	2	2	2	3	5	1	2	3	3	3	3	3	4	4	6	5	5	7	7	7	7	7	9	11	12	2	2.5	6.333333	30	22	25	.1442802	.8557162
2000	"TUR"	"Balkan"	64113547	201971	948074	1210150	1165417	9	9	9	9	9	10	11	12	14	17	2	2	3	3	4	4	5	9	10	11	5	5	5	7	8	9	9	10	12	14	9.166667	3	6.5	22	22	25	.1668975	.7834351
2000	"SVN"	"Balkan"	1988925	17933	137579	178905	178002	8	8	8	8	9	9	10	10	11	11	3	4	4	4	6	6	7	7	7	7	5	5	6	8	8	9	10	10	11	11	8.333333	4.5	6.833333	23	20	25	.1002376	.7690059
2010	"KAZ"	"Central Asia"	16321872	1075076	2107471	3713357	3032560	5	5	5	5	5	5	5	5	5	5	6	6	6	6	6	6	6	6	6	7	5	6	6	6	6	6	6	6	6	6	5	6	5.833333	30	22	25	.2895159	.567538
2010	"DOM"	"LATAM"	9775755	32351	335060	388195	386365	7	8	8	8	8	8	9	9	10	11	2	2	2	3	4	4	4	6	9	10	4	4	4	6	6	8	10	10	11	13	7.833333	2.833333	5.333333	27	25	25	.083337	.8631229
2010	"URY"	"LATAM"	3352651	45326	75964	121805	70395	4	4	4	6	6	7	7	7	7	7	6	7	8	8	8	9	10	11	13	15	4	5	5	6	6	6	6	7	12	16	5.166667	7.666667	5.333333	29	20	25	.3721194	.6236526
2000	"HRV"	"Balkan"	4468302	67037	439976	507579	480150	6	6	7	8	8	8	8	8	8	8	3	3	3	3	3	3	4	6	6	6	4	4	5	6	6	7	7	8	8	9	7.166667	3	5.333333	24	22	26	.132072	.8668128
2000	"HUN"	"Eastern Europe"	10210971	71942	219032	309843	273107	5	6	6	10	10	10	10	10	12	15	3	3	3	4	4	4	4	5	5	9	5	5	5	5	6	8	9	10	11	12	7.833333	3.5	5.666667	24	21	26	.2321886	.7069129
2000	"GEO"	"Eastern Europe"	4077131	23408	56334	85669	73194	5	5	5	6	6	7	8	10	12	15	5	5	5	5	5	6	7	8	8	14	5	5	5	5	5	6	6	6	7	9	5.666667	5.166667	5.166667	26	19	26	.2732377	.6575774
2000	"GIN"	"Sub-Saharan North"	8336967	21589	440982	569484	550437	7	7	8	11	12	12	12	13	14	17	4	4	4	4	4	4	4	8	9	15	3	5	6	6	7	7	9	13	13	14	9.5	4	5.666667	22	21	26	.0379098	.7743536
2000	"GHA"	"Sub-Saharan North"	19665502	10138	217874	240706	179184	6	6	6	6	6	6	6	6	7	8	1	2	2	3	3	3	3	3	5	6	6	6	6	6	6	6	6	6	6	7	6	2.333333	6	26	22	26	.0421178	.9051457
2000	"MLI"	"Sub-Saharan North"	11239101	7309	113822	140311	138028	8	8	8	8	8	9	11	11	12	14	1	1	1	1	1	1	3	4	7	9	5	5	5	6	6	7	8	9	9	11	8.166667	1	5.666667	23	24	26	.0520914	.8112122
2000	"TZA"	"Sub-Saharan South"	34463704	38021	656442	840088	940204	7	7	7	7	7	7	7	7	8	10	2	2	2	2	2	2	3	3	4	5	6	6	6	6	6	6	6	6	6	8	7	2	6	25	23	26	.0452584	.7813967
2010	"TTO"	"LATAM"	1410296	9381	6902	17906	15616	2	2	2	2	2	2	2	2	2	2	3	3	3	3	3	3	3	3	3	4	4	4	4	4	5	5	6	6	6	6	2	3	4.333333	33	25	26	.5239026	.3854574
2010	"BWA"	"Sub-Saharan South"	2091664	26334	68904	96911	83137	8	8	8	8	8	8	9	9	9	10	2	2	2	2	2	3	4	5	6	8	2	3	3	5	6	7	8	9	11	11	8	2.166667	4.333333	27	25	26	.2717339	.7110029
2010	"JPN"	"East Asia & Pacific"	1.281e+08	493087	1242109	2107967	2064499	4	4	4	5	6	6	6	7	7	7	2	3	3	3	3	3	5	5	5	5	5	5	5	5	5	5	5	5	5	6	4.833333	2.833333	5	30	25	26	.2339159	.589245
2010	"SDN"	"Sub-Saharan North"	33739933	19424	274170	363562	377539	6	6	6	6	6	6	6	6	6	7	1	1	2	2	2	2	2	4	4	4	5	5	5	5	5	5	5	5	5	5	6	1.666667	5	29	26	26	.0534269	.7541217
2010	"LTU"	"Baltic"	3097282	94438	196507	293368	160287	2	3	3	3	3	3	3	3	3	4	5	5	5	5	6	6	7	7	8	9	5	5	5	5	5	5	6	7	7	8	2.833333	5.333333	5	32	22	26	.3219097	.669831
2010	"ZMB"	"Sub-Saharan South"	13792086	9192	109840	129251	128111	5	5	5	5	5	6	6	6	6	7	0	0	0	0	0	0	0	2	3	4	5	5	5	5	5	5	5	5	6	11	5.166667	0	5	29	28	26	.0711174	.8498194
2010	"EST"	"Baltic"	1331475	94939	120943	219023	217717	6	6	6	6	6	7	7	7	7	9	8	9	9	9	9	9	9	9	11	12	5	5	5	5	5	5	6	6	6	7	6.166667	8.833333	5	28	19	26	.4334659	.5521932
2000	"BOL"	"LATAM"	8592656	25980	53517	91730	90013	6	6	6	7	8	9	10	11	11	16	3	4	4	5	7	7	10	13	14	15	3	5	5	5	5	5	6	6	8	9	7	5	4.666667	25	20	27	.2832225	.5834187
2000	"KEN"	"Sub-Saharan South"	30851606	45591	407502	555311	554883	5	5	5	5	5	5	5	5	5	6	3	3	3	3	3	3	3	3	3	5	5	5	5	5	5	5	5	5	5	6	5	3	5	27	22	27	.0820999	.7338266
2000	"UGA"	"Sub-Saharan North"	24020697	21715	405074	503043	581627	6	6	6	6	6	6	6	7	7	7	1	2	2	2	2	2	2	3	4	6	5	5	5	5	5	5	5	5	5	5	6	1.833333	5	26	23	27	.0431673	.8052472
2000	"BRA"	"LATAM"	1.759e+08	152104	513725	680547	655149	4	4	4	5	6	6	8	8	9	12	0	0	0	0	0	0	0	2	2	3	4	4	4	4	5	5	5	5	5	6	4.833333	0	4.333333	27	25	27	.2235026	.7548707
2000	"EST"	"Baltic"	1396985	89974	168385	258700	248999	5	5	5	5	5	6	6	8	8	8	8	8	8	8	8	8	10	11	13	14	5	5	5	5	5	5	5	5	5	6	5.166667	8	5	26	17	27	.3477928	.650889
2000	"JAM"	"LATAM"	2612205	12761	9077	23568	19764	5	5	5	5	5	5	5	5	6	6	6	6	6	6	6	6	6	6	6	7	5	5	5	5	5	5	5	5	6	6	5	6	5	27	19	27	.5414545	.3851409
2010	"RWA"	"Sub-Saharan South"	10309031	8018	158958	207656	410794	5	5	5	5	5	5	5	5	5	5	2	2	2	2	2	2	3	3	4	5	4	4	4	4	4	4	4	5	6	8	5	2	4	30	26	27	.0386119	.7654871
2010	"POL"	"Eastern Europe"	38042794	166081	500981	692500	633756	6	6	6	7	7	7	7	7	7	7	1	2	3	3	3	3	5	6	6	6	3	3	3	4	4	4	5	5	5	5	6.5	2.5	3.5	28	25	27	.2398282	.7234383
2010	"ALB"	"Balkan"	2913021	7717	32654	49216	46939	4	4	4	4	4	4	4	4	4	4	4	4	5	5	5	5	5	6	6	6	3	4	4	4	4	4	4	4	4	4	4	4.666667	3.833333	31	23	27	.1567986	.6634834
2010	"SVK"	"Eastern Europe"	5391428	32303	125480	165712	145405	2	2	2	2	2	3	3	4	4	4	1	1	1	1	1	1	1	2	2	3	2	2	2	2	2	2	3	3	4	6	2.166667	1	2	32	27	28	.1949346	.7572173
2010	"BRA"	"LATAM"	1.964e+08	183326	392747	603648	579605	3	3	3	5	5	5	6	6	8	8	0	0	0	0	0	0	0	1	2	3	1	1	1	1	2	2	2	3	4	4	4	0	1.333333	31	28	28	.3036969	.6506225
2010	"TJK"	"Central Asia"	7621779	40632	206897	301354	279297	3	3	3	4	6	7	7	8	9	11	4	5	5	5	5	5	5	6	10	12	2	2	2	2	2	2	2	4	5	5	4.333333	4.833333	2	30	23	28	.1348315	.686558
2010	"SLV"	"LATAM"	6114034	6616	28923	40372	39839	2	2	2	2	2	2	2	4	6	8	1	1	1	1	1	1	1	1	2	6	2	2	2	2	2	2	2	2	2	5	2	1	2	33	27	28	.163876	.7164124
2010	"KHM"	"East Asia & Pacific"	14363532	5845	75305	89116	78672	1	1	1	1	1	1	1	1	1	3	0	0	0	1	1	1	1	2	3	5	2	2	2	2	2	2	2	2	3	4	1	.5	2	34	27	28	.0655887	.8450222
2010	"NIC"	"LATAM"	5855734	11333	32344	46445	35324	2	2	2	2	2	2	2	5	5	9	4	4	5	6	6	7	7	7	9	11	2	2	2	2	2	2	2	2	3	7	2	5.333333	2	33	22	28	.244009	.6963936
2010	"IND"	"South Asia"	1.241e+09	209734	5474136	5976747	5286495	2	2	2	2	3	3	3	4	5	7	0	0	0	0	0	0	0	0	0	0	1	1	2	2	2	2	2	2	2	3	2.333333	0	1.666667	32	28	28	.0350917	.9159056
2000	"TTO"	"LATAM"	1332203	3999	5633	10644	10456	4	4	4	4	4	4	4	4	4	4	3	3	3	3	3	3	3	3	3	3	4	4	4	4	4	4	4	4	4	4	4	3	4	28	22	28	.3757046	.5292183
2000	"MYS"	"East Asia & Pacific"	22945150	70190	1170239	1385723	1333808	4	4	5	5	5	5	5	5	5	5	1	2	2	2	2	3	3	4	5	6	3	3	3	3	3	4	5	5	5	5	4.666667	2	3.166667	27	23	28	.0506523	.8444971
2000	"RWA"	"Sub-Saharan South"	8109989	11525	156386	178218	337752	5	5	5	5	5	5	5	5	5	5	3	3	3	3	3	3	4	4	5	6	4	4	4	4	4	4	4	4	5	5	5	3	4	27	22	28	.064668	.8774983
2000	"NPL"	"South Asia"	24559500	26529	538795	582130	569493	2	2	2	3	3	3	3	3	3	3	1	1	1	1	1	1	1	1	1	1	3	3	3	3	5	5	6	6	6	6	2.5	1	3.666667	29	24	28	.0455723	.9255579
2000	"THA"	"East Asia & Pacific"	63066603	77664	1054358	1375612	1257759	3	3	3	3	4	5	5	5	5	9	2	3	3	3	5	5	5	5	5	8	4	4	4	4	4	4	4	4	5	5	3.5	3.5	4	28	21	28	.0564578	.7664647
2000	"CMR"	"Sub-Saharan North"	15091594	11842	142356	182878	182879	3	3	3	3	3	3	3	3	3	3	3	3	3	3	3	3	3	3	3	3	3	3	3	3	3	3	3	3	3	3	3	3	3	29	22	29	.0647536	.7784206
2000	"JPN"	"East Asia & Pacific"	1.268e+08	394836	986535	1673497	1648768	3	3	3	4	4	4	4	4	4	4	3	3	3	3	3	3	5	5	5	5	2	2	2	3	4	4	4	4	4	4	3.5	3	2.833333	28	22	29	.2359347	.5895051
2000	"POL"	"Eastern Europe"	38258629	125159	691501	828685	781354	3	3	3	3	3	4	4	5	6	6	1	1	1	1	2	3	3	3	3	4	2	2	3	3	3	3	4	4	4	6	3.166667	1.5	2.666667	28	23	29	.1510333	.8344558
2000	"FIN"	"Nordic"	5176209	28943	91021	120941	79026	4	4	4	4	4	4	4	4	4	4	0	0	0	0	0	1	1	1	2	2	3	3	3	3	3	3	3	3	4	4	4	.1666667	3	28	24	29	.239315	.7526066
2010	"BGR"	"Balkan"	7395599	22291	37144	73067	74108	1	1	1	2	2	2	2	2	5	5	1	1	1	3	3	3	3	3	3	10	0	1	1	1	1	1	2	2	3	4	1.5	2	.8333333	33	26	29	.3050762	.5083553
2010	"IRN"	"MENA without GCC"	75373855	39975	2128845	2708867	2704744	1	1	1	1	1	1	1	1	1	1	0	0	0	0	0	0	0	0	0	0	1	1	1	1	1	1	1	1	1	1	1	0	1	34	28	29	.0147571	.7858802
2010	"EGY"	"MENA without GCC"	87252413	85586	190160	323708	290980	0	0	0	0	0	0	1	2	2	4	0	1	1	1	1	1	2	2	2	4	1	1	1	1	1	1	1	1	1	3	0	.8333333	1	35	27	29	.2643926	.587443
2010	"MEX"	"LATAM"	1.125e+08	253947	558876	979538	964579	1	1	1	2	2	3	3	3	3	3	1	1	1	1	1	1	1	1	1	3	1	1	1	1	1	1	2	2	2	3	1.666667	1	1	33	27	29	.2592518	.5705506
2010	"CHL"	"LATAM"	17004162	122050	163114	346157	323764	6	6	6	6	7	7	7	7	7	7	5	7	7	8	9	9	10	10	10	14	0	0	0	1	1	1	2	3	3	3	6.333333	7.5	.5	28	20	29	.3525857	.4712139
2010	"ROU"	"Balkan"	20246871	66557	75559	166733	160798	1	1	1	2	2	2	2	2	3	3	0	0	0	0	0	1	1	2	3	6	0	0	1	1	1	1	1	1	2	3	1.5	.1666667	.6666667	33	27	29	.3991831	.4531736
2010	"COL"	"LATAM"	44816108	41616	59627	124160	120955	1	1	1	1	1	1	1	1	2	3	1	1	1	1	1	1	1	1	1	1	1	1	1	1	1	1	1	1	1	1	1	1	1	34	27	29	.3351804	.4802432
2000	"NIC"	"LATAM"	5123222	7558	19043	29524	28919	2	2	2	2	2	2	2	4	5	8	2	2	2	2	2	5	6	6	8	13	2	2	2	2	2	2	2	2	2	3	2	2.5	2	30	22	30	.2559951	.6450007
2000	"ECU"	"LATAM"	12626507	33204	73086	124039	121663	5	5	5	6	9	9	9	11	13	17	3	3	3	3	3	4	5	7	9	12	2	2	2	2	2	2	2	5	7	7	6.5	3.166667	2	25	21	30	.26769	.5892179
2000	"LTU"	"Baltic"	3499536	49499	178207	228269	203538	1	1	1	1	2	2	2	2	2	3	3	3	3	3	3	3	3	3	3	4	1	1	2	2	2	2	2	3	3	3	1.333333	3	1.666667	30	22	30	.216845	.7806886
2000	"LKA"	"South Asia"	18776371	6081	36829	49752	37784	0	0	0	0	0	0	0	1	2	4	0	0	0	0	0	0	0	1	1	1	1	1	1	1	2	2	4	4	5	7	0	0	1.333333	32	25	30	.1222262	.7402517
2000	"SLV"	"LATAM"	5958482	6632	26634	34724	31333	1	1	1	1	1	1	2	3	4	6	1	1	1	2	2	2	2	4	5	8	2	2	2	2	2	2	2	2	2	3	1	1.5	2	31	23	30	.1909918	.7670199
2000	"KHM"	"East Asia & Pacific"	12118841	6476	130696	149738	140194	2	2	2	2	2	2	3	4	4	7	1	1	1	1	1	1	1	3	5	8	2	2	2	2	2	2	2	2	2	6	2	1	2	30	24	30	.0432489	.8728312
2000	"IND"	"South Asia"	1.060e+09	184816	5947241	6359719	6332833	2	2	3	3	3	3	3	3	3	4	0	0	0	0	0	1	1	1	1	1	2	2	2	2	2	2	2	3	3	3	2.666667	.1666667	2	29	24	30	.0290604	.9351421
2000	"IRQ"	"MENA without GCC"	24628858	29415	165786	228408	187991	1	1	1	1	1	1	1	1	1	1	1	1	1	1	1	1	1	1	1	1	1	2	2	2	2	2	2	2	2	2	1	1	1.833333	31	24	30	.1287827	.7258327
2010	"PHL"	"East Asia & Pacific"	94636700	90675	33554	150624	145328	2	2	2	2	2	3	3	4	4	6	1	1	2	2	2	3	4	4	5	6	0	0	0	0	0	0	0	1	1	1	2.166667	1.833333	0	32	26	30	.6019957	.2227666
2010	"SRB"	"Balkan"	7291436	0	0	0	752070	10	10	10	11	11	12	12	12	13	13	0	0	0	0	0	0	0	0	0	0	0	0	0	0	0	0	0	0	0	0	10.66667	0	0	24	28	30		
2010	"PER"	"LATAM"	29229572	61258	22744	103642	103148	1	1	1	2	6	6	7	7	8	11	1	1	1	1	1	1	4	5	5	8	0	0	0	0	0	0	0	0	1	1	2.833333	1	0	32	27	30	.5910538	.2194477
2010	"IDN"	"East Asia & Pacific"	2.440e+08	137873	131342	296152	250007	0	1	1	1	1	2	3	6	7	7	0	0	0	0	0	2	3	4	5	8	0	0	0	0	0	0	1	1	4	5	1	.3333333	0	34	27	30	.4655481	.4434952
2000	"COL"	"LATAM"	39215135	53297	68497	125859	100468	1	1	1	1	1	1	1	1	2	5	1	1	1	1	1	1	1	1	2	5	1	1	1	1	1	1	1	1	2	3	1	1	1	31	24	31	.4234659	.544236
2000	"GTM"	"LATAM"	11589761	13531	29137	47636	47212	1	1	1	1	1	2	2	2	2	4	1	1	1	1	1	1	2	2	2	4	1	1	1	1	1	1	1	1	1	2	1.166667	1	1	30	24	31	.2840499	.6116592
2000	"MEX"	"LATAM"	97873442	194199	312538	580277	532226	1	1	1	1	1	2	2	3	3	4	1	1	1	1	1	1	1	1	3	3	1	1	1	1	1	1	1	2	2	3	1.166667	1	1	30	24	31	.334666	.5386014
2000	"HND"	"LATAM"	6656725	7726	17446	28135	27935	1	1	1	1	1	1	1	2	2	4	1	1	1	1	1	2	2	2	3	8	1	1	1	1	1	1	1	1	1	3	1	1.166667	1	31	23	31	.2746046	.6200817
2000	"ROU"	"Balkan"	22442971	41014	82304	127406	119574	1	1	1	1	1	1	2	2	2	4	1	1	1	1	2	2	2	2	4	8	1	1	1	1	1	1	1	1	1	3	1	1.333333	1	31	23	31	.3219158	.6459978
2000	"PER"	"LATAM"	26654439	37668	27326	69453	65102	2	2	2	2	2	5	5	6	7	11	1	1	1	1	1	1	3	5	6	11	0	0	0	0	0	0	1	1	1	1	2.5	1	0	29	24	32	.5423524	.3934459
2000	"IDN"	"East Asia & Pacific"	2.141e+08	73908	58025	151402	120971	1	1	1	1	1	1	1	1	2	3	0	0	0	0	1	1	1	2	3	4	0	0	0	0	0	0	0	0	0	1	1	.3333333	0	31	24	32	.4881574	.3832512
2000	"LAO"	"East Asia & Pacific"	5430853	1161	13312	18023	17760	0	0	0	0	0	0	0	0	0	0	0	0	0	0	0	0	0	0	0	0	0	0	0	0	0	0	0	1	1	1	0	0	0	32	25	32	.0644177	.7386118
2000	"BGR"	"Balkan"	8170172	15347	23393	42666	39917	0	0	0	0	0	0	1	1	1	3	0	0	1	1	1	1	1	2	5	7	0	0	0	0	0	0	0	0	1	2	0	.6666667	0	32	24	32	.3597009	.548282
2000	"MNG"	"East Asia & Pacific"	2450979	2431	4862	7820	7306	0	1	1	1	1	1	1	1	1	1	0	0	1	1	1	1	1	1	1	1	0	0	0	0	0	0	1	1	1	1	.8333333	.6666667	0	31	24	32	.3108696	.6217391
2000	"ALB"	"Balkan"	3089027	7405	49874	68204	68202	4	4	4	4	4	4	4	4	4	4																					4			28			.1085713	.7312474
2000	"ARE"	"GCC"	3275333	249318	1901520	2370445	2370445	7	7	7	7	7	7	7	7	7	7																					7			25			.1051777	.8021785
2000	"TKM"	"Central Asia"	4569132	62484	131385	216854	216851	5	5	5	5	5	5	5	5	5	5																					5			27			.2881386	.6058685
2000	"TCD"	"Sub-Saharan North"	8259137	4169	74748	98386	98689	6	7	7	8	8	8	8	9	9	10																					7.333333			24			.0423739	.7597423
2000	"TUN"	"MENA without GCC"	9893316	4988	20124	30322	29857	0	0	0	0	0	0	0	0	0	0																					0			32			.164501	.6636766
2000	"CHN"	"East Asia & Pacific"	1.263e+09	131246	230441	450535	450491	0	0	0	0	0	0	0	0	0	1																					0			32			.2913114	.511483
2000	"LBN"	"MENA without GCC"	4320642	162258	395278	689134	689138	13	14	14	16	16	16	16	17	17	17																					14.83333			17			.235452	.5735866
2000	"PAK"	"South Asia"	1.544e+08	81869	3397943	4178580	4178579	2	2	2	2	2	2	2	2	2	2																					2			30			.0195925	.8131813
2000	"AZE"	"Central Asia"	8048600	51347	217017	325048	325050	5	5	5	5	5	6	6	6	6	6																					5.166667			26			.1579674	.667646
2000	"UZB"	"Central Asia"	24650400	605111	687562	1325100	1325101	6	6	6	6	6	6	6	6	6	6																					6			26			.4566531	.5188755
2000	"AFG"	"South Asia"	19542982	4437	44298	60919	60918	0	0	0	0	0	0	0	0	0	0																					0			32			.0728344	.7271623
2000	"ZWE"	"Sub-Saharan South"	11834676	18226	308507	364163	344923	5	5	5	5	5	5	5	5	5	5																					5			27			.050049	.8471673
2000	"MAR"	"MENA without GCC"	28554415	5025	31132	42566	42500	1	1	1	1	1	1	1	1	3	6																					1			31			.118052	.7313818
2000	"MRT"	"Sub-Saharan North"	2695003	1090	43340	55509	55481	3	4	5	5	5	5	5	5	8	10																					4.5			27			.0196365	.7807743
2000	"GNB"	"Sub-Saharan North"	1230849	878	13882	18362	18361	8	8	9	9	9	9	10	10	10	10																					8.666667			23			.0478161	.7560179
2000	"BWA"	"Sub-Saharan South"	1726985	5626	32977	46169	33486	1	1	1	1	1	2	4	5	7	8																					1.166667			30			.1218567	.7142671
2000	"MDG"	"Sub-Saharan South"	16216431	5091	3676	9177	9177	1	1	1	1	1	2	2	2	2	3																					1.166667			30			.5547565	.4005666
2000	"TGO"	"Sub-Saharan North"	5008035	3725	95713	124029	124375	9	10	10	10	10	10	11	14	17	19																					9.833333			22			.0300333	.7716985
2000	"LBY"	"MENA without GCC"	5154790	79310	373988	559782	559490	13	13	13	13	13	13	13	13	14	14																					13			19			.1416802	.6680958
2000	"ETH"	"Sub-Saharan North"	67031867	18615	313518	415166	415255	2	2	2	2	2	2	2	2	2	2																					2			30			.0448375	.755163
2000	"LSO"	"Sub-Saharan South"	1998630	527	2476	3663	1222	0	0	0	0	0	0	0	1	3	3																					0			32			.1438711	.6759487
2000	"TJK"	"Central Asia"	6272998	119031	167627	298973	298947	6	7	8	8	8	8	12	12	13	17																					7.5			24			.398133	.560676
2000	"SOM"	"Sub-Saharan North"	8721465	54	389	554	555	0	0	0	0	0	0	0	0	0	0																					0			32			.0974729	.7021661
2000	"DZA"	"MENA without GCC"	30774621	15444	45440	75892	75875	2	3	4	4	4	4	4	4	5	5																					3.5			28			.2034997	.5987456
2000	"BDI"	"Sub-Saharan South"	6307659	6327	52952	73971	111921	4	4	4	5	5	5	5	6	7	7																					4.5			27			.0855335	.7158481
2000	"CAF"	"Sub-Saharan North"	3759170	6192	45580	61730	87720	5	5	5	6	6	7	7	7	8	10																					5.666667			26			.1003078	.7383768
2000	"PNG"	"East Asia & Pacific"	5508297	7787	15172	24517	24518	5	5	5	5	5	5	6	6	6	6																					5			27			.3176163	.6188359
2000	"GAB"	"Sub-Saharan South"	1272935	16538	118583	155766	160366	9	9	9	9	9	11	11	11	11	11																					9.333333			22			.1061721	.7612894
2000	"BGD"	"South Asia"	1.292e+08	178493	493798	838764	838763	8	9	9	11	12	15	15	15	15	15																					10.66667			21			.2128048	.588721
2000	"PRI"	"LATAM"	3810605	0	0	0	341275	3	4	4	4	4	4	4	5	5	6																					3.833333			28				
2000	"PSE"	"MENA without GCC"	2922153	8089	186862	236291	236290	11	11	11	11	11	11	11	11	11	11																					11			21			.0342332	.790813
2000	"KOR"	"East Asia & Pacific"	47008111	112742	77997	234278	232929	1	1	1	2	2	2	2	2	2	3																					1.5			30			.4812317	.332925
2000	"OMN"	"GCC"	2344253	57388	489925	595868	595860	4	4	4	4	4	4	4	4	4	4																					4			28			.0963099	.8222039
2000	"YEM"	"MENA without GCC"	18628700	10598	80844	114137	114137	4	4	4	4	5	5	5	5	5	5																					4.333333			27			.0928533	.7083067
2000	"MKD"	"Balkan"	2026350	6365	76102	100618	100615	5	5	6	6	6	6	6	6	6	6																					5.666667			26			.0632591	.7563458
2000	"SDN"	"Sub-Saharan North"	26298773	58077	548378	758071	770450	7	7	7	7	8	8	8	8	8	9																					7.333333			24			.0766116	.723386
2000	"NGA"	"Sub-Saharan North"	1.229e+08	18408	332244	437979	437977	5	5	5	6	6	6	6	7	7	8																					5.5			26			.0420294	.7585843
2000	"KWT"	"GCC"	1934901	109510	878207	1085834	1085825	10	10	10	10	10	10	10	10	10	10																					10			22			.1008534	.8087857
2000	"ZMB"	"Sub-Saharan South"	9891136	15184	210184	280216	336442	4	4	4	4	4	5	5	6	6	7																					4.166667			27			.0541868	.7500785
2000	"IRN"	"MENA without GCC"	65544383	48021	1920237	2460002	2458733	2	2	2	2	2	2	2	2	2	2																					2			30			.0195207	.7805835
2000	"AGO"	"Sub-Saharan South"	16394062	2177	8417	11904	26414	1	1	1	1	1	1	1	1	1	1																					1			31			.1828797	.7070733
2000	"NAM"	"Sub-Saharan South"	1819141	17948	89583	127181	120214	24	25	25	26	27	28	29	31	35	36																					25.83333			8			.1411217	.7043741
2000	"HTI"	"LATAM"	8360225	3526	9708	15977	15973	5	6	7	7	8	8	9	11	16	18																					6.833333			25			.2206922	.6076235
2000	"MDA"	"Eastern Europe"	2924668	81261	140557	240068	240062	8	8	8	8	8	10	11	12	12	12																					8.333333			23			.3384916	.5854883
2000	"BIH"	"Balkan"	4179350	11158	29518	49623	49622	4	4	4	4	4	4	4	4	4	4																					4			28			.2248554	.5948451
2000	"MMR"	"East Asia & Pacific"	45538332	5126	63370	85571	85376	2	2	2	2	2	2	3	3	3	3																					2			30			.0599035	.7405546
2000	"MOZ"	"Sub-Saharan South"	17768505	7581	126007	165396	156207	10	10	10	10	11	11	13	13	13	13																					10.33333			21			.0458355	.7618504
2000	"VNM"	"East Asia & Pacific"	79001142	18293	24890	52728	52728	0	0	0	0	0	0	0	1	2	3																					0			32			.3469314	.4720452
2000	"COD"	"Sub-Saharan South"	48616317	57050	341870	498652	498651	5	5	5	5	5	5	5	5	5	5																					5			27			.1144084	.6855884
2000	"SAU"	"GCC"	21547390	468949	3996191	5113001	5086745	13	13	13	13	13	13	13	13	13	13																					13			19			.091717	.7815745
2000	"LBR"	"Sub-Saharan North"	2895224	8266	100942	135072	135072	15	17	19	21	23	23	24	24	24	25																					19.66667			13			.061197	.7473199
2000	"EGY"	"MENA without GCC"	71371371	32038	106364	171995	171926	0	0	0	0	0	2	3	3	4	4																					.3333333			31			.1862729	.6184133
2000	"KAZ"	"Central Asia"	14883626	1062401	1492857	2635319	2635324	6	6	6	6	6	7	7	7	7	7																					6.166667			25			.4031394	.5664806
2000	"ERI"	"Sub-Saharan North"	2392880	1335	5751	8715	9729	7	7	8	9	10	10	10	10	11	11																					8.5			23			.1531842	.6598967
2000	"COG"	"Sub-Saharan South"	3134030	6387	86410	114838	298605	13	13	13	13	14	14	14	14	15	15																					13.33333			18			.0556175	.7524513
2010	"MDA"	"Eastern Europe"	2862354	40895	66250	130664	124593	6	6	6	6	8	8	8	8	10	10																					6.666667			28			.3129783	.5070257
2010	"BGD"	"South Asia"	1.484e+08	241630	619287	1072267	1072266	10	12	13	13	13	15	15	15	15	15																					12.66667			22			.225345	.5775492
2010	"COD"	"Sub-Saharan South"	66391257	75587	264548	425169	425169	3	3	3	3	3	3	3	4	4	4																					3			32			.1777811	.6222184
2010	"TUN"	"MENA without GCC"	10895063	6570	21984	35283	35123	0	0	0	0	0	0	0	0	0	0																					0			35			.1862087	.6230763
2010	"LKA"	"South Asia"	20668557	6509	23131	34571	34294	1	1	1	3	3	4	4	4	6	9																					2.166667			32			.1882792	.6690868
2010	"MDG"	"Sub-Saharan South"	21731053	8714	1793	11616	11275	1	1	1	1	1	1	2	2	2	3																					1			34			.7501722	.1543561
2010	"KOR"	"East Asia & Pacific"	49554112	458885	266667	882680	876550	6	6	6	6	6	6	6	6	6	9																					6			29			.519877	.3021106
2010	"YEM"	"MENA without GCC"	24743946	13255	189294	252930	252933	5	5	5	5	5	5	6	6	6	6																					5			30			.0524058	.7484047
2010	"ERI"	"Sub-Saharan North"	3147727	2402	6665	11254	12496	7	7	9	10	10	10	10	11	11	11																					8.833333			26			.2134352	.5922339
2010	"LAO"	"East Asia & Pacific"	6323418	8997	14421	29272	29275	0	0	0	0	0	0	0	0	0	0																					0			35			.3073586	.4926551
2010	"ZWE"	"Sub-Saharan South"	12839771	12076	254143	286785	267732	5	5	5	5	5	5	5	5	5	5																					5			30			.0421082	.8861796
2010	"MRT"	"Sub-Saharan North"	3419461	706	31468	39563	39645	2	2	2	2	2	2	3	3	3	3																					2			33			.017845	.7953897
2010	"LSO"	"Sub-Saharan South"	2022747	664	2449	3811	1260	0	0	0	0	0	0	0	1	1	2																					0			35			.1742325	.6426135
2010	"KGZ"	"Central Asia"	5447900	92484	119702	247186	225050	14	14	14	14	14	14	14	15	16	16																					14			21			.3741474	.4842588
2010	"SGP"	"East Asia & Pacific"	5076732	147819	1581213	2028115	1900726	9	9	9	9	9	9	9	9	9	9																					9			26			.0728849	.7796466
2010	"MKD"	"Balkan"	2055004	9029	75746	103811	119767	6	6	6	7	7	7	7	7	7	7																					6.5			28			.0869754	.7296529
2010	"AZE"	"Central Asia"	9054332	42512	192113	274532	274411	3	3	3	3	3	3	3	3	3	3																					3			32			.1548526	.6997836
2010	"ARE"	"GCC"	8481771	952883	5972397	7143786	7076975	15	15	15	16	17	17	17	17	17	17																					15.83333			19			.1333863	.8360268
2010	"OMN"	"GCC"	2881914	104282	661192	783910	782537	4	4	4	4	4	4	4	4	4	4																					4			31			.133028	.8434539
2010	"SLE"	"Sub-Saharan North"	6436698	3968	62198	78279	78179	5	5	5	6	6	7	8	9	10	12																					5.666667			29			.0506905	.7945681
2010	"PNG"	"East Asia & Pacific"	7583269	10912	14442	29418	28878	4	4	4	5	5	5	5	5	6	6																					4.5			30			.3709294	.4909239
2010	"KWT"	"GCC"	2943356	236775	1492342	1774940	1767443	11	11	11	11	11	11	11	11	11	11																					11			24			.1333989	.8407845
2010	"GMB"	"Sub-Saharan North"	1937275	8508	139832	182918	180447	7	7	7	7	7	7	7	7	7	7																					7			28			.0465126	.7644518
2010	"UZB"	"Central Asia"	28562400	417236	680575	1203974	1140101	5	5	5	5	6	6	6	6	6	6																					5.333333			29			.346549	.5652738
2010	"LBY"	"MENA without GCC"	6491988	84826	476469	681401	677573	13	13	13	13	13	14	14	14	14	15																					13.16667			21			.1244876	.699249
2010	"BOL"	"LATAM"	10223270	34743	62724	120135	118705	7	8	9	9	9	10	10	12	14	17																					8.666667			26			.2891997	.5221126
2010	"CHN"	"East Asia & Pacific"	1.338e+09	337624	255226	740846	740846	0	0	0	0	0	0	0	0	0	1																					0			35			.4557276	.3445061
2010	"HTI"	"LATAM"	9842880	5076	7913	16087	15912	4	5	6	7	7	8	8	10	14	17																					6.166667			28			.3155343	.4918879
2010	"CAF"	"Sub-Saharan North"	4660067	5699	33139	47499	67250	5	5	5	5	5	5	6	7	7	8																					5			30			.1199815	.6976779
2010	"JAM"	"LATAM"	2733896	10050	6285	19283	18756	5	5	5	5	5	5	5	5	5	5																					5			30			.5211844	.3259348
2010	"GIN"	"Sub-Saharan North"	10270728	9936	95477	129511	129213	6	7	7	7	7	7	8	10	11	13																					6.833333			28			.0767194	.7372115
2010	"AGO"	"Sub-Saharan South"	23364185	5361	8466	16952	42262	1	1	1	1	1	1	1	1	1	1																					1			34			.3162459	.4994101
2010	"DZA"	"MENA without GCC"	35856344	15040	38085	65935	65899	0	0	0	0	0	0	0	1	1	1																					0			35			.2281034	.5776143
2010	"GHA"	"Sub-Saharan North"	25574719	63525	174905	287948	287801	7	7	7	7	7	7	7	8	10	10																					7			28			.2206127	.6074187
2010	"NGA"	"Sub-Saharan North"	1.610e+08	29890	758069	889170	889165	5	5	5	6	6	6	6	7	7	7																					5.5			29			.0336156	.852558
2010	"COG"	"Sub-Saharan South"	4437884	8793	122266	157890	409962	12	12	12	13	14	14	15	15	15	15																					12.83333			22			.0556907	.7743745
2010	"SAU"	"GCC"	29411929	1061029	6740662	8180283	8147064	14	14	14	14	14	14	14	14	14	14																					14			21			.1297057	.8240133
2010	"MAR"	"MENA without GCC"	32464865	6266	43451	59057	59061	1	1	1	1	1	1	1	1	2	3																					1			34			.1061009	.7357468
2010	"HND"	"LATAM"	8450933	4211	17312	26855	26784	1	1	1	1	1	1	1	1	2	3																					1			34			.1568051	.6446472
2010	"MNG"	"East Asia & Pacific"	2702520	5483	6558	15012	14999	1	1	1	1	1	1	1	2	2	2																					1			34			.3652411	.4368505
2010	"ETH"	"Sub-Saharan North"	89237791	30482	312597	428839	429518	3	3	3	3	3	3	3	3	3	3																					3			32			.0710803	.7289379
2010	"PSE"	"MENA without GCC"	3786161	7971	176268	229207	229110	11	11	11	11	11	11	11	11	11	11																					11			24			.0347764	.7690341
2010	"SOM"	"Sub-Saharan North"	12026649	2634	18343	26221	26220	0	0	0	0	0	0	0	0	0	0																					0			35			.1004538	.6995538
2010	"PRI"	"LATAM"	3721525	0	0	0	286221	3	3	3	3	3	3	3	3	3	3																					3			32				
2010	"MMR"	"East Asia & Pacific"	49390988	6550	47031	66568	66565	0	0	0	0	0	0	0	0	0	0																					0			35			.0983956	.7065107
2010	"IRQ"	"MENA without GCC"	31264875	3914	71247	93710	93705	0	0	0	0	0	0	0	0	0	0																					0			35			.0417672	.7602924
2010	"JOR"	"MENA without GCC"	6931258	317578	1912573	2779345	2779311	14	14	15	15	16	17	17	21	22	24																					15.16667			19			.1142636	.688138
2010	"BIH"	"Balkan"	3811088	8914	10278	23139	33418	3	3	3	3	3	3	3	3	3	3																					3			32			.385237	.4441851
2010	"SEN"	"Sub-Saharan North"	12530121	21389	153904	216893	216300	11	11	11	11	12	15	15	18	18	19																					11.83333			23			.0986154	.7095849
2010	"UGA"	"Sub-Saharan North"	32341728	27465	238164	330809	490320	8	8	8	8	8	8	8	8	9	9																					8			27			.0830237	.7199441
2010	"GNB"	"Sub-Saharan North"	1567220	1288	14629	19894	19889	8	8	8	8	9	9	9	10	10	10																					8.333333			26			.0647431	.7353473
2010	"UKR"	"Eastern Europe"	45870741	1018057	2725586	4502194	4479641	15	15	15	15	17	17	17	18	18	18																					15.66667			19			.2261246	.6053906
2010	"VNM"	"East Asia & Pacific"	87411012	25412	19821	56171	56122	0	0	0	0	0	0	0	0	1	2																					0			35			.4524043	.3528689
2010	"TCD"	"Sub-Saharan North"	11894727	23705	301207	406048	406275	3	3	3	3	4	4	4	5	5	7																					3.333333			31			.0583798	.7418014
2010	"GAB"	"Sub-Saharan South"	1711105	22705	160992	198332	202545	10	10	11	11	12	12	12	12	12	12																					11			24			.1144798	.8117298
2010	"GTM"	"LATAM"	14259687	7871	47788	65722	65143	1	1	1	2	2	2	2	2	2	4																					1.5			33			.119762	.7271233
2010	"BEN"	"Sub-Saharan North"	9445710	23030	199486	276781	276506	6	6	7	7	7	7	7	7	8	8																					6.666667			28			.0832066	.7207359
2010	"TKM"	"Central Asia"	5267970	44000	144942	200523	194476	2	2	2	3	3	3	3	3	3	3																					2.5			32			.2194262	.7228198
2010	"AFG"	"South Asia"	28189672	2304	57324	73173	73174	2	2	2	2	2	2	2	2	2	2																					2			33			.031487	.7834037
2010	"LBN"	"MENA without GCC"	4995800	294111	339344	791147	791138	8	8	8	8	8	8	8	9	9	9																					8			27			.3717526	.4289266
2010	"PAK"	"South Asia"	1.945e+08	48497	3103912	3940510	3940511	1	1	1	1	1	1	1	1	1	1																					1			34			.0123073	.787693
2010	"NPL"	"South Asia"	27161567	57022	360451	483743	483745	2	2	2	2	2	2	2	2	2	3																					2			33			.1178766	.7451291
2010	"GEO"	"Eastern Europe"	3786695	15968	42068	70694	70189	3	3	3	3	3	4	5	6	7	8																					3.166667			31			.2258749	.5950717
2010	"CIV"	"Sub-Saharan North"	21120042	55219	2003616	2345439	2300168	13	13	13	13	13	13	13	13	14	14																					13			22			.0235431	.8542606
2010	"VEN"	"LATAM"	28715022	177183	932321	1339495	1336370	10	10	10	11	11	11	12	13	13	17																					10.5			24			.132276	.6960242
2010	"BDI"	"Sub-Saharan South"	9126605	12195	51922	80135	227702	3	4	4	5	5	6	6	6	7	7																					4.5			30			.1521807	.6479316
2020	"GMB"	"Sub-Saharan North"	2573995	9764	159977	209398	209397	7	7	7	7	7	7	7	7	7	7																					7			29			.0466289	.7639853
2020	"CHE"	"Western Europe"	8638167	805403	1303453	2279112	2370019	47	47	48	49	50	50	52	53	60	60																					48.5			5			.3533846	.5719126
2020	"PNG"	"East Asia & Pacific"	9749640	10800	14604	29508	29509	3	3	3	3	4	5	5	5	6	6																					3.5			32			.3660024	.4949166
2020	"LKA"	"South Asia"	21919000	6699	23943	35708	35439	1	1	1	1	2	4	4	4	4	9																					1.666667			34			.187605	.670522
2020	"KHM"	"East Asia & Pacific"	16396860	3080	65348	76118	76118	1	1	1	1	1	1	1	1	1	1																					1			35			.0404635	.8585092
2020	"MNG"	"East Asia & Pacific"	3294335	7273	8721	19941	19938	1	1	1	1	1	1	1	2	2	2																					1			35			.3647259	.4373401
2020	"GTM"	"LATAM"	16858333	9621	59012	81028	80573	1	1	2	2	2	2	2	2	4	4																					1.666667			34			.1187367	.7282915
2020	"TUR"	"Balkan"	84135428	941816	3906126	5394695	5897933	11	12	12	12	12	12	12	13	15	18																					11.83333			24			.1745819	.724068
2020	"IRN"	"MENA without GCC"	87290193	37493	2191684	2785735	2785736	1	1	1	1	1	1	1	1	1	1																					1			35			.0134589	.7867525
2020	"MMR"	"East Asia & Pacific"	53423198	6567	47036	66595	66596	0	0	0	0	0	0	0	0	0	0																					0			36			.098611	.7062992
2020	"NZL"	"Western Offshoots"	5090200	497954	649246	1161037	1076400	40	40	40	40	41	41	41	42	43	43																					40.33333			9			.4288873	.5591949
2020	"LAO"	"East Asia & Pacific"	7319399	14291	21747	45048	45047	0	0	0	0	0	0	0	0	0	0																					0			36			.3172394	.4827517
2020	"FRA"	"Western Europe"	67571107	2219215	5185552	7722373	8292703	23	25	25	25	30	30	30	32	33	35																					26.33333			14			.2873747	.6714972
2020	"NER"	"Sub-Saharan South"	24333639	5977	277361	333460	333463	4	4	4	4	5	6	6	6	6	6																					4.5			31			.0179242	.8317669
2020	"SOM"	"Sub-Saharan North"	16537016	2227	28498	35085	35085	2	2	2	2	2	2	2	2	2	2																					2			34			.0634744	.812256
2020	"BFA"	"Sub-Saharan North"	21522626	30076	526078	675818	675820	3	3	3	3	5	5	5	5	5	6																					3.666667			32			.0445031	.7784315
2020	"DEU"	"Western Europe"	83160871	2932118	9236501	13068678	1.56e+07	50	50	51	52	53	55	55	59	60	62																					51.83333			4			.2243623	.7067663
2020	"NIC"	"LATAM"	6755895	9745	27026	39878	39929	2	2	2	2	2	2	2	5	5	8																					2			34			.2443703	.677717
2020	"MKD"	"Balkan"	2072531	8982	74866	102485	120496	4	4	4	4	6	6	6	6	6	6																					4.666667			31			.0876421	.7305069
2020	"LBR"	"Sub-Saharan North"	5087584	3560	71298	81256	81252	8	8	8	10	10	11	13	15	17	17																					9.166667			26			.0438121	.877449
2020	"JOR"	"MENA without GCC"	10928721	352281	2415667	3434875	3434867	12	13	13	13	13	14	14	14	16	16																					13			23			.1025601	.7032765
2020	"SRB"	"Balkan"	6899126	0	0	0	749210	10	10	11	11	11	11	11	12	12	12																					10.66667			25				
2020	"PRY"	"LATAM"	6618695	16798	145726	165432	165431	8	8	8	8	10	10	10	10	11	11																					8.666667			27			.1015402	.8808815
2020	"LBN"	"MENA without GCC"	5662923	342731	1026636	1711280	1711280	7	7	7	9	9	9	9	9	10	10																					8			28			.2002776	.5999228
2020	"LBY"	"MENA without GCC"	6653942	102203	571344	817139	816911	20	21	22	22	24	25	26	28	28	28																					22.33333			15			.1250742	.6992005
2020	"ETH"	"Sub-Saharan North"	1.172e+08	174071	710461	1056816	1058284	4	4	4	4	4	4	4	4	4	4																					4			32			.1647127	.6722656
2020	"MLI"	"Sub-Saharan North"	21224040	19953	365153	455703	453818	12	12	14	18	21	22	26	29	31	33																					16.5			19			.0437851	.801296
2020	"KWT"	"GCC"	4360444	397823	2509088	2983796	2983800	20	20	20	20	21	21	21	21	21	21																					20.33333			16			.1333278	.8409047
2020	"DZA"	"MENA without GCC"	43451666	17403	46620	79207	79205	1	1	1	1	1	1	2	3	3	4																					1			35			.2197154	.5885844
2020	"MWI"	"Sub-Saharan North"	19377061	2283	123159	132165	153886	7	7	7	7	7	8	9	9	9	9																					7.166667			28			.0172739	.9318579
2020	"SEN"	"Sub-Saharan North"	16436120	8754	110268	163064	230574	6	6	10	10	10	11	13	13	14	16																					8.833333			27			.0536844	.6762253
2020	"KOR"	"East Asia & Pacific"	51836239	861416	505034	1669658	1667497	10	10	10	10	10	10	10	10	11	11																					10			26			.5159236	.3024775
2020	"SAU"	"GCC"	35997107	1685707	10709213	13001344	1.30e+07	16	16	16	16	16	16	16	16	16	16																					16			20			.1296564	.8237004
2020	"LSO"	"Sub-Saharan South"	2254100	1246	4586	7140	2358	0	0	0	0	1	1	4	5	5	6																					.3333333			35			.1745098	.6422969
2020	"TKM"	"Central Asia"	6250438	41250	138866	190826	190824	0	0	0	0	0	0	0	0	0	0																					0			36			.2161655	.7277101
2020	"BRA"	"LATAM"	2.132e+08	402984	586006	1050170	1052189	4	4	4	4	6	7	8	10	10	13																					4.833333			31			.3837322	.5580106
2020	"HTI"	"LATAM"	11306801	5489	8604	17460	17462	3	4	4	6	6	7	7	10	13	18																					5			31			.3143757	.4927835
2020	"TJK"	"Central Asia"	9543207	36068	186407	275549	275538	2	2	2	2	2	3	5	6	8	10																					2.166667			33			.130895	.6764931
2020	"ECU"	"LATAM"	17588595	158914	413648	709707	709525	11	12	12	12	12	12	14	15	17	22																					11.83333			24			.2239149	.5828434
2020	"TCD"	"Sub-Saharan North"	16644701	30521	394094	530610	530962	4	4	4	5	5	5	7	7	7	8																					4.5			31			.0575206	.7427188
2020	"SSD"	"Sub-Saharan North"	10606227	246115	457071	785702	879684	0	0	0	0	0	0	0	0	0	0																					0			36			.3132422	.5817358
2020	"IDN"	"East Asia & Pacific"	2.719e+08	125173	134779	290987	290983	1	1	1	1	1	2	4	6	7	7																					1.166667			34			.430167	.4631788
2020	"GEO"	"Eastern Europe"	3722716	17135	45440	76258	76254	3	3	3	3	3	3	4	4	4	6																					3			33			.2246977	.5958719
2020	"COD"	"Sub-Saharan South"	92853164	121654	687135	919308	919308	5	5	5	5	5	7	7	7	7	7																					5.333333			30			.1323321	.7474481
2020	"ARE"	"GCC"	9287289	3948809	3230847	8446657	8446653	19	19	19	19	19	19	19	19	19	19																					19			18			.4674996	.3825001
2020	"GNB"	"Sub-Saharan North"	2015828	1028	12068	16372	16371	8	8	8	8	8	8	8	9	9	10																					8			28			.0627901	.7371122
2020	"ROU"	"Balkan"	19265250	7104	8527	24545	683097	9	9	9	9	9	9	9	9	12	12																					9			27			.2894276	.3474027
2020	"MOZ"	"Sub-Saharan South"	31178239	19876	227138	286806	278091	11	11	11	11	11	12	13	13	13	13																					11.16667			24			.0693012	.791957
2020	"SVK"	"Eastern Europe"	5458827	12413	30578	47438	196365	4	7	7	7	7	7	7	7	7	7																					6.5			29			.2616678	.6445887
2020	"VEN"	"LATAM"	28490453	172613	914815	1313870	1313090	0	0	0	0	0	0	0	0	0	0																					0			36			.1313775	.6962751
2020	"GRC"	"Balkan"	10698599	101569	471493	583302	1308508	29	29	31	31	31	32	32	34	35	36																					30.5			12			.1741276	.8083171
2020	"AFG"	"South Asia"	38972230	1514	86209	107140	107141	1	1	1	1	1	1	1	1	1	1																					1			35			.014131	.8046388
2020	"ZAF"	"Sub-Saharan South"	58801927	209250	1631471	1947400	2151826	26	26	27	27	29	31	32	33	36	39																					27.66667			13			.107451	.8377688
2020	"PRT"	"Western Europe"	10297081	212488	473063	751400	885780	19	19	19	19	19	20	21	23	24	25																					19.16667			17			.2827895	.6295754
2020	"POL"	"Eastern Europe"	37899070	143660	557203	715871	805788	5	5	6	6	6	6	6	6	6	6																					5.666667			30			.2006786	.7783567
2020	"SLE"	"Sub-Saharan North"	8233970	1963	9906	15970	52675	2	2	2	2	5	5	5	5	5	8																					3			33			.122918	.620288
2020	"HRV"	"Balkan"	4047680	79219	385875	469135	517107	8	8	8	8	8	8	8	8	8	8																					8			28			.1688618	.8225244
2020	"BOL"	"LATAM"	11936162	46811	82072	158987	158721	7	8	8	9	9	10	11	12	14	16																					8.5			27			.2944329	.5162183
2020	"GIN"	"Sub-Saharan North"	13205153	2327	52252	90614	92863	8	8	8	9	10	10	10	10	11	14																					8.833333			27			.0256804	.5766438
2020	"NAM"	"Sub-Saharan South"	2489098	24673	64609	101683	97128	17	17	18	19	20	20	21	22	24	25																					18.5			18			.2426463	.6353963
2020	"RUS"	"Eastern Europe"	1.441e+08	3376584	8054051	11623376	1.16e+07	11	12	12	12	12	12	12	13	13	13																					11.83333			24			.2904994	.6929184
2020	"COG"	"Sub-Saharan South"	5702174	11519	161422	208358	377631	14	14	15	16	16	17	17	17	18	19																					15.33333			20			.0552847	.7747339
2020	"AZE"	"Central Asia"	10093121	38639	174894	249833	249834	4	4	4	4	4	4	4	4	4	4																					4			32			.1546593	.7000436
2020	"HUN"	"Eastern Europe"	9750149	57915	111500	180562	552071	10	11	11	11	11	13	13	15	16	19																					11.16667			24			.3207485	.6175164
2020	"RWA"	"Sub-Saharan South"	13146362	7312	207417	268414	505069	5	5	5	5	5	5	5	5	5	5																					5			31			.0272415	.7727503
2020	"LTU"	"Baltic"	2794885	44990	80167	140076	144971	3	3	3	3	3	3	3	3	3	3																					3			33			.3211828	.5723107
2020	"NPL"	"South Asia"	29348627	52751	333776	447847	447845	2	2	2	2	2	2	2	2	2	2																					2			34			.117788	.7452902
2020	"AUS"	"Western Offshoots"	25655289	3291553	3562798	7225053	7100896	61	62	63	65	66	66	66	68	68	68																					63.83333			1			.4555749	.4931172
2020	"UGA"	"Sub-Saharan North"	44404611	347290	807546	1320222	1717854	8	8	9	9	9	9	9	9	9	10																					8.666667			27			.2630543	.6116744
2020	"GBR"	"Western Europe"	67081234	4164394	4237190	9078455	8704105	62	62	64	64	65	66	68	69	71	74																					63.83333			1			.4587117	.4667303
2020	"NGA"	"Sub-Saharan North"	2.083e+08	40887	1000419	1177113	1177115	6	7	8	8	8	8	8	8	8	8																					7.5			28			.034735	.8498921
2020	"ALB"	"Balkan"	2837849	6708	28514	43399	43398	4	4	4	4	4	4	4	4	4	4																					4			32			.1545658	.6570197
2020	"CHL"	"LATAM"	19300315	130746	1322007	1507311	1602394	13	13	14	14	14	14	14	14	14	14																					13.66667			22			.0867412	.8770632
2020	"CAN"	"Western Offshoots"	38007166	4933842	3446875	8454562	7745494	56	57	59	61	61	61	64	65	66	67																					59.16667			2			.5835716	.4076941
2020	"GAB"	"Sub-Saharan South"	2292573	34613	245775	302605	311547	12	13	13	13	13	13	13	13	13	13																					12.83333			23			.1143834	.8121974
2020	"PAN"	"LATAM"	4294396	95638	177255	311767	311656	11	13	14	14	15	15	15	16	18	20																					13.66667			22			.3067611	.5685496
2020	"OMN"	"GCC"	4543399	302986	1920219	2274892	2274890	12	12	12	12	12	12	12	12	12	12																					12			24			.133187	.8440924
2020	"SGP"	"East Asia & Pacific"	5685807	162225	1727348	2215804	2215809	10	10	10	10	10	10	10	10	10	10																					10			26			.0732127	.7795581
2020	"ITA"	"Western Europe"	59438851	719793	4880097	6465536	6348540	45	46	46	47	47	48	48	49	50	52																					46.5			6			.1113277	.7547861
2020	"EGY"	"MENA without GCC"	1.075e+08	153100	273959	515991	515892	1	1	1	1	1	2	2	3	3	3																					1.166667			34			.2967106	.5309376
2020	"TTO"	"LATAM"	1518147	21566	18485	42357	42359	5	5	5	6	6	6	6	6	6	6																					5.5			30			.5091484	.4364096
2020	"AUT"	"Western Europe"	8916864	354176	1056225	1497365	1730330	17	17	17	19	20	21	22	22	22	25																					18.5			18			.2365328	.7053891
2020	"ARM"	"Central Asia"	2805608	41898	112572	170531	170533	5	5	5	5	6	6	6	7	7	7																					5.333333			30			.2456914	.6601263
2020	"ESP"	"Western Europe"	47365655	1820227	4725976	7240047	6773500	43	46	46	47	49	50	51	54	57	57																					46.83333			6			.2514109	.6527549
2020	"SLV"	"LATAM"	6292731	6743	30350	42208	42213	2	2	2	2	2	2	2	3	4	8																					2			34			.1597564	.719058
2020	"HKG"	"East Asia & Pacific"	7481000	874563	1481655	2854754	2854754	13	14	14	14	15	15	15	15	15	15																					14.16667			21			.3063532	.5190132
2020	"MDA"	"Eastern Europe"	2635130	31889	49652	99410	99409	4	4	4	4	4	4	4	5	6	7																					4			32			.3207826	.4994669
2020	"CMR"	"Sub-Saharan North"	26491087	14125	479811	554813	559563	6	6	6	6	7	7	8	9	9	10																					6.333333			29			.025459	.8648157
2020	"EST"	"Baltic"	1329522	63716	73105	141480	199019	5	5	5	6	6	6	6	6	6	7																					5.5			30			.4503534	.5167161
2020	"PSE"	"MENA without GCC"	4803269	8749	178610	233022	233022	7	7	7	7	9	9	9	9	9	9																					7.666667			28			.0375458	.7664942
2020	"SWE"	"Nordic"	10353442	567564	1151545	1719109	1903561	42	43	43	43	44	45	46	48	49	49																					43.33333			7			.3301501	.6698499
2020	"GHA"	"Sub-Saharan North"	32180401	89584	246281	405685	405709	6	6	7	7	7	7	7	7	8	8																					6.666667			29			.2208216	.6070744
2020	"HND"	"LATAM"	10121763	6025	24841	38513	38419	1	1	1	1	1	1	1	2	2	3																					1			35			.1564407	.645003
2020	"NOR"	"Nordic"	5379475	275236	513228	844195	828001	19	20	20	20	20	22	22	22	23	23																					20.16667			16			.3260337	.6079496
2020	"BWA"	"Sub-Saharan South"	2546402	26269	72979	101185	96582	7	7	7	7	7	7	8	9	9	9																					7			29			.2596136	.7212433
2020	"MRT"	"Sub-Saharan North"	4498604	1324	118070	145842	145931	2	2	2	2	3	3	4	4	4	4																					2.333333			33			.0090783	.8095747
2020	"SDN"	"Sub-Saharan North"	44440486	297062	856868	1338685	1348983	7	7	7	7	7	7	7	7	7	8																					7			29			.2219058	.6400819
2020	"THA"	"East Asia & Pacific"	71475664	87445	2999161	3631598	3631614	3	3	3	3	3	3	3	4	4	5																					3			33			.0240789	.8258516
2020	"FIN"	"Nordic"	5529543	61620	171028	247953	316351	6	6	6	7	7	7	7	7	7	7																					6.5			29			.2485148	.6897597
2020	"BEN"	"Sub-Saharan North"	12643123	7119	250195	342441	352298	6	6	6	6	7	7	7	7	7	8																					6.333333			29			.020789	.7306222
2020	"ISR"	"MENA without GCC"	9215100	595765	771211	1470524	1353916	39	39	39	39	40	40	41	42	43	43																					39.33333			10			.4051379	.5244464
2020	"CIV"	"Sub-Saharan North"	26811790	59047	2125848	2489670	2489670	13	13	13	13	13	13	13	13	13	14																					13			23			.0237168	.8538674
2020	"BGR"	"Balkan"	6934015	55114	90732	178520	181305	7	9	9	10	10	10	10	10	12	14																					9.166667			26			.3087273	.5082456
2020	"CZE"	"Eastern Europe"	10697858	80620	255535	351948	535498	7	7	8	9	9	9	9	9	9	9																					8.166667			27			.2290679	.726059
2020	"AGO"	"Sub-Saharan South"	33428486	11779	27223	48025	132175	3	3	3	3	3	3	4	4	4	5																					3			33			.2452681	.5668506
2020	"JPN"	"East Asia & Pacific"	1.263e+08	576113	1469685	2490216	2490217	7	7	7	8	9	10	10	10	10	10																					8			28			.2313506	.5901837
2020	"CAF"	"Sub-Saharan North"	5343020	5826	31433	45366	63529	6	6	6	6	6	6	6	7	8	8																					6			30			.1284222	.6928757
2020	"TUN"	"MENA without GCC"	12161723	9052	30179	48494	48492	0	1	1	1	1	1	1	1	3	3																					.8333333			35			.1866623	.6223244
2020	"PER"	"LATAM"	33304756	574420.51	403511.5	1219745	1219455	11	11	11	11	11	11	13	14	16	18																					11			25			.4709349	.3308163
2020	"TGO"	"Sub-Saharan North"	8442580	7966	222613	257357	258016	7	8	8	9	10	11	11	13	14	20																					8.833333			27			.0309531	.8649969
2020	"IND"	"South Asia"	1.396e+09	168765	4200173	4628431	4628429	1	1	1	1	1	1	1	1	2	3																					1			35			.0364627	.9074723
2020	"PAK"	"South Asia"	2.272e+08	40113	2520902	3201270	3201265	1	1	1	1	1	1	1	1	1	1																					1			35			.0125303	.7874693
2020	"YEM"	"MENA without GCC"	32284046	18429	263585	352101	352096	0	0	0	0	0	0	0	0	0	0																					0			36			.0523401	.7486062
2020	"KGZ"	"Central Asia"	6579900	71482	94653	192998	193000	11	11	12	13	13	14	14	14	14	15																					12.33333			23			.3703769	.4904351
2020	"KEN"	"Sub-Saharan South"	51985780	56283	712265	937379	980859	4	4	4	4	4	5	5	5	5	5																					4.166667			31			.060043	.7598474
2020	"UZB"	"Central Asia"	34232050	376018	614234	1085715	1085715	5	5	5	5	5	5	5	5	5	5																					5			31			.3463321	.5657415
2020	"ZWE"	"Sub-Saharan South"	15669666	12587	265365	299405	279676	5	5	5	5	5	5	5	5	5	5																					5			31			.04204	.8863078
2020	"BEL"	"Western Europe"	11538604	371854	1167615	1658516	1859589	40	40	41	43	44	46	46	51	56	60																					42.33333			8			.2242089	.7040119
2020	"MDG"	"Sub-Saharan South"	28225177	10380	2156	13868	13866	1	1	1	1	1	2	2	2	3	3																					1.166667			34			.7484857	.1554658
2020	"BDI"	"Sub-Saharan South"	12220227	17139	73468	113243	312830	3	4	5	5	5	6	6	6	7	7																					4.666667			31			.1513471	.6487641
2020	"MAR"	"MENA without GCC"	36688772	9053	62596	85157	85156	1	1	1	1	1	1	1	2	4	4																					1			35			.1063095	.7350658
2020	"IRL"	"Western Europe"	4985382	405940	495933	988468	855636	10	10	10	11	11	11	11	11	12	12																					10.5			25			.4106759	.5017188
2020	"ZMB"	"Sub-Saharan South"	18927715	8663	97133	116077	162946	5	5	5	5	5	5	6	6	6	8																					5			31			.0746315	.836798
2020	"IRQ"	"MENA without GCC"	42556984	6569	265349	339642	339648	0	0	0	0	0	0	0	0	0	0																					0			36			.019341	.7812608
2020	"COL"	"LATAM"	50930662	359882	1156120	1893002	1893004	2	2	2	2	2	2	2	4	5	6																					2			34			.1901118	.6107336
2020	"VNM"	"East Asia & Pacific"	96648685	31654	24375	69570	69569	0	0	0	0	0	0	0	0	1	2																					0			36			.454995	.3503665
2020	"PRI"	"LATAM"	3281557	0	0	0	237108	2	2	2	2	2	2	2	2	2	3																					2			34				
2020	"URY"	"LATAM"	3429086	39227	61110	100965	100965	4	5	6	6	7	7	7	7	7	7																					5.833333			30			.3885208	.6052592
2020	"LVA"	"Baltic"	1900449	54184	110859	174735	239209	3	3	3	3	4	4	4	4	5	5																					3.333333			32			.3100924	.6344407
2020	"DOM"	"LATAM"	10999664	41999	524380	594439	593821	7	8	8	8	8	8	9	9	11	12																					7.833333			28			.0706532	.8821427
2020	"KAZ"	"Central Asia"	18755666	1040699	1815708	3394702	3394701	5	5	5	5	5	5	5	5	5	5																					5			31			.3065656	.5348652
2020	"ARG"	"LATAM"	45376763	177963	1879832	2236798	2236637	8	8	8	10	10	10	10	12	12	15																					9			27			.0795615	.8404121
2020	"CHN"	"East Asia & Pacific"	1.411e+09	415211	299730	893386	893389	0	0	0	0	0	0	0	0	0	0																					0			36			.464761	.3354989
2020	"DNK"	"Nordic"	5831404	149455	340110	534746	662817	34	35	37	37	38	40	40	43	44	44																					36.83333			11			.2794878	.6360216
2020	"SVN"	"Balkan"	2102419	22304	193948	225677	273322	6	6	6	6	6	6	6	6	7	7																					6			30			.0988315	.8594053
2020	"CRI"	"LATAM"	5123105	97555	370806	503633	503315	11	11	11	11	12	13	13	14	16	18																					11.5			24			.1937026	.7362623
2020	"PHL"	"East Asia & Pacific"	1.122e+08	95418	35190	158867	156905	1	2	2	2	2	3	3	3	4	5																					2			34			.6006156	.221506
2020	"NLD"	"Western Europe"	17441500	554070	1069016	1717730	1924610	41	42	43	44	46	47	48	50	58	64																					43.83333			7			.3225594	.6223423
2020	"BLR"	"Eastern Europe"	9379952	287457	655754	1066693	1066728	9	9	9	9	9	9	9	9	9	9																					9			27			.2694843	.6147542
2020	"JAM"	"LATAM"	2820436	9738	6129	18736	18735	5	5	5	5	5	5	5	5	5	5																					5			31			.5197481	.3271242
2020	"BIH"	"Balkan"	3318407	8264	9567	21494	31046	2	2	2	2	2	2	2	2	2	2																					2			34			.3844794	.445101
2020	"MYS"	"East Asia & Pacific"	33199993	102766	2616383	3240462	3240459	8	8	8	8	8	8	8	8	8	9																					8			28			.0317134	.8074105
2020	"ERI"	"Sub-Saharan North"	3555868	2427	6030	10337	11699	0	0	0	0	0	0	0	0	0	0																					0			36			.2347877	.5833414
2020	"USA"	"Western Offshoots"	3.315e+08	20708597	23183027	46231910	4.56e+07	50	51	54	58	62	64	64	67	72	77																					56.5			3			.4479286	.5014508
2020	"TZA"	"Sub-Saharan South"	61704518	22458	236833	317796	387899	4	4	4	4	4	4	4	4	4	5																					4			32			.070668	.7452359
2020	"BGD"	"South Asia"	1.674e+08	240112	1171647	1761149	1761147	9	10	11	13	13	13	14	14	15	15																					11.5			24			.1363383	.6652742
2020	"MEX"	"LATAM"	1.260e+08	201762	665501	1082240	1170179	1	1	1	2	2	3	3	3	3	5																					1.666667			34			.18643	.6149292
2020	"UKR"	"Eastern Europe"	44132049	1034167	2767243	4571030	4571036	14	14	14	14	15	16	16	17	17	17																					14.5			21			.2262438	.6053872
